{
    "from": 0,
    "size": 12,
    "sort_fields": [
        {
            "field": "firstName",
            "direction": "ASC"
        }
    ],
    "query": {
        "operator": "AND",
        "criterias": [
            {
                "operator": "OR",
                "criterias": [
                    {
                        "key": "firstName",
                        "operation": "EQUALITY",
                        "value": "Ngan"
                    },
                    {
                        "key": "lastName",
                        "operation": "EQUALITY",
                        "value": "danh"
                    }
                ]
            },
            {
                "operator": "OR",
                "criterias": [
                    {
                        "key": "password",
                        "operation": "EQUALITY",
                        "value": "2"
                    }
                ]
            }
        ]
    }
}
